customerId,firstName,lastName,email,mobileNumber,panNumber,dateOfBirth
5d299545-445c-4d37-99f7-87cfef423722,Prakash,Sharma,prakash.sharma0@gmail.com,917456775329,ONREL7123Y,1972-01-29
0747eb3c-3aec-4ded-8954-30c46805509c,Rohit,Patil,rohit.patil1@gmail.com,918437535251,LRARZ4705X,1984-02-03
f451b61d-bce0-41c8-8c88-eceeaccd626f,Vikas,Patil,vikas.patil2@gmail.com,918834117223,WXFCFS446E,1993-12-15
c7c3c1a1-b194-4fa5-9aaa-733f64f5cd5b,Vikas,Kulkarni,vikas.kulkarni3@gmail.com,919926630443,OXLSI7169D,1966-12-11
d437ab2e-69ee-4e34-ba76-d0491bbf25b5,Rohit,Kulkarni,rohit.kulkarni4@gmail.com,918334239985,CVCCN8751T,1973-06-02
4e018edb-7eab-4519-8788-f0b41fdc3f1e,Prakash,Joshi,prakash.joshi5@gmail.com,918345531492,GRIZC7736O,1967-11-23
e6249e78-478a-42d4-b9ae-ec987999dce1,Prakash,Patil,prakash.patil6@gmail.com,917880510069,IPMKK9359E,1998-05-10
111e87ba-bd91-43ac-811a-dfa568a9983d,Prakash,Sharma,prakash.sharma7@gmail.com,918107699324,KYOVH3081U,1979-07-30
4d590912-4305-45d5-9489-a971a903e1f8,Nitin,Desai,nitin.desai8@gmail.com,918973471806,UGGSE4363L,1971-03-16
2d0d0565-ba58-4612-adb6-c94f08f12af8,Rohit,Patil,rohit.patil9@gmail.com,918218665207,KXCZI6503P,1992-11-11
cc03cefa-de3e-4b86-b90e-45fbb0497ebc,Vikas,Desai,vikas.desai10@gmail.com,917411124680,HVBNK9341L,1967-07-03
e92caec1-35b8-4ba2-9deb-7817a0f93803,Suresh,Patil,suresh.patil11@gmail.com,918977350737,RJYGS8538R,1981-02-11
d95d1208-623a-4b19-831a-fe24b75f2bfc,Manoj,Joshi,manoj.joshi12@gmail.com,917540097048,IELWJ2062X,1989-03-31
5612f7e4-73d7-4ec6-a404-6972d0830dfb,Kiran,Kulkarni,kiran.kulkarni13@gmail.com,919208907019,IDHEE1342W,1967-08-07
fa97517b-75a4-41ed-ac26-f5e1b4caa223,Manoj,Gupta,manoj.gupta14@gmail.com,919335928938,VSCSE4924X,1965-04-04
2a651f65-c990-4200-bb13-275dccb2265e,Nitin,Sharma,nitin.sharma15@gmail.com,91987102290,PODIH6140T,1995-02-05
0c14e863-6bd1-42ac-b0c6-3d7de04a7727,Prakash,Mehta,prakash.mehta16@gmail.com,917928787611,NEAEZ9980B,1974-07-27
d378a07b-6ad6-41e6-9b35-c176cfbb9043,Suresh,Kulkarni,suresh.kulkarni17@gmail.com,918101765736,WKEN56237P,1983-12-07
42871a14-14fa-4f31-a9ba-6e1b55638c2b,Vikas,Gupta,vikas.gupta18@gmail.com,919669314064,LMGAG6148D,1994-06-27
ea7bec80-cb2d-4184-866e-27b4e5d903b0,Nitin,Patil,nitin.patil19@gmail.com,917550112988,EAXHF2718R,1981-04-18
429c6bdb-c5d3-4690-8dbe-2bdd5a212210,Amit,Mehta,amit.mehta20@gmail.com,919697996818,NIMBF1008G,1975-02-16
5157dab6-3214-4db8-aaae-73ca4eda7a23,Rahul,Patil,rahul.patil21@gmail.com,918455908596,LGGEK7814Q,1969-03-24
b7466491-cba9-4ee4-9572-f3a27712db6f,Prakash,Mehta,prakash.mehta22@gmail.com,91968715519,GEVKX9508D,1996-12-19
1d65042c-2a43-4a62-901b-37950d4d62c4,Manoj,Gupta,manoj.gupta23@gmail.com,917600490183,QETAL8599U,1984-09-07
68d3c0db-8a76-47d0-a698-68a88d3f5ca5,Vikas,Mehta,vikas.mehta24@gmail.com,918514846574,UFQAG5753I,1972-11-08
6eb26acd-13b8-4ace-b5e7-5cac972ef732,Prakash,Patil,prakash.patil25@gmail.com,918276027032,XMMPL3793G,1993-03-08
7ad89cc2-ae9a-4fe6-89dc-5b4965053d1c,Nitin,Joshi,nitin.joshi26@gmail.com,918064271904,PHLQL2989W,1971-11-13
ce833cf5-6599-4bf9-89ac-f059f9981120,Kiran,Gupta,kiran.gupta27@gmail.com,919651742476,ALPLT8689E,1965-12-14
624396b3-7b1e-4759-a1de-1b89617439b4,Amit,Desai,amit.desai28@gmail.com,919953562832,AMVME2215H,1986-08-31
6f1e8a94-7b73-4ce9-be01-f9cebeb5b12b,Anil,Verma,anil.verma29@gmail.com,919616373098,MJTMZ8660Y,1996-10-10
652abc03-6d85-4093-b1a8-b6969d060c35,Kiran,Kulkarni,kiran.kulkarni30@gmail.com,917718006074,IOTMM5780M,1995-09-11
e70c65db-159f-4e5e-a37b-142fb02bf418,Amit,Joshi,amit.joshi31@gmail.com,918345654532,HKXKE1635F,1970-07-03
db7f7dc1-f907-4f3c-bdef-a800abb9d350,Rohit,Patil,rohit.patil32@gmail.com,917956568085,JSQAV2084G,1989-01-03
895c643a-2088-4d37-87eb-3ed9c6a5b21b,Nitin,Desai,nitin.desai33@gmail.com,919835575537,DBTEI3958N,1996-07-23
26eebf6d-371a-4dcd-a3e3-80680f5d40c2,Rahul,Sharma,rahul.sharma34@gmail.com,917998424302,GZSID1235I,1982-04-28
2374a1b3-db7b-4741-92d4-d25c8aed5b8b,Prakash,Sharma,prakash.sharma35@gmail.com,919903836445,BBZXG1203S,1971-08-24
cf966afe-beb6-4be5-8f7e-585aac9cc29c,Kiran,Kulkarni,kiran.kulkarni36@gmail.com,917477880646,XDCPG3465I,1996-11-26
b70c78f9-d466-4561-8819-11778d18876e,Amit,Sharma,amit.sharma37@gmail.com,918724762027,BBJFM7512P,1972-11-21
ec337ec5-d5ed-4b02-b916-07ee43de5fc7,Rahul,Desai,rahul.desai38@gmail.com,918260531731,MYEHM5813Z,1982-10-04
459901b0-3d38-4d10-8616-5331fd4296d1,Manoj,Kulkarni,manoj.kulkarni39@gmail.com,919888848044,EUDTF8700R,1979-10-27
3386279a-60f8-4517-b7e8-7b7438a2f975,Nitin,Joshi,nitin.joshi40@gmail.com,918915805580,YCMVB3493G,1992-04-28
31d70ee1-74c1-424a-b134-1c291e163d1a,Vikas,Joshi,vikas.joshi41@gmail.com,918069467924,GGRXS2921W,1980-04-22
d158cd01-b691-4a64-8160-3ac7a43fbad9,Prakash,Patil,prakash.patil42@gmail.com,917673902208,HYDTC9367X,1990-04-17
46d75987-9699-431b-aac1-c684960dc4c7,Rohit,Sharma,rohit.sharma43@gmail.com,917088374380,JRAQU1830L,1990-01-01
7f107c50-7751-4543-904f-bf8f6906ebb3,Rahul,Kulkarni,rahul.kulkarni44@gmail.com,917346386898,WKIAT4779S,1965-11-01
3ffad006-741d-46bc-8f80-5b0953ae3907,Prakash,Desai,prakash.desai45@gmail.com,918481747625,LVFKL5626G,1978-06-19
420eb709-4818-4d26-bbff-fad3f064e627,Nitin,Sharma,nitin.sharma46@gmail.com,19000220648,WRRXF4143N,227
fe0759da-b411-4ed5-baff-1627be3d307e,Vikas,Joshi,vikas.joshi47@gmail.com,18978260823,GVTVM48800,1994-08-25
dee10089-bd2e-4322-a79d-82f49ada3938,Kiran,Verma,kiran.verma48@gmail.com,17165323032,RJFRP2005V,1976-11-08
ae15eadf-8280-4380-aeb5-ce0993f6af22,Vikas,Desai,vikas.desai49@gmail.com,17462497843,ZQAPI1602U,1976-11-17
dae4fbe3-8ff2-43a3-9ea2-8f434cabb79d,Kiran,Patil,kiran.patil50@gmail.com,917707293765,NJVCK2803E,1981-07-30
65fad741-8c8f-495a-9010-46039c2c4180,Manoj,Mehta,manoj.mehta51@gmail.com,917199580224,WGOXW8583B,1977-05-11
be12afd9-0107-4cab-af08-5d8e0fa5828b,Anil,Mehta,anil.mehta52@gmail.com,919556862749,YAFNV9999L,1996-10-26
11aebfd3-8b13-40ca-b0d5-9e1986e44947,Manoj,Mehta,manoj.mehta53@gmail.com,919347582038,STXIE3923A,1968-10-10
731f1eed-0479-4a9a-88e8-5e41513e954e,Rohit,Mehta,rohit.mehta54@gmail.com,918599391892,AGKKR16240,1987-09-25
ee8d0db7-161a-482a-9dd6-41966340518f,Vikas,Desai,vikas.desai55@gmail.com,919844160231,ZIXER5539U,1989-05-31
eda0e3db-eab8-4ca0-915a-81c81f7b380f,Rahul,Patil,rahul.patil56@gmail.com,17924966060,EDBIW6407F,1996-10-10
b546659e-92b7-4eae-8bfb-21ea66ce3b51,Kiran,Joshi,kiran.joshi57@gmail.com,18086589206,HENNK8864E,1992-11-01
e2022bc5-f268-42e4-b15f-768db144bec6,Nitin,Gupta,nitin.gupta58@gmail.com,17645236926,XWKOJ1312D,1978-11-11
a859496f-7328-494d-b0ce-9a552dc2812b,Vikas,Mehta,vikas.mehta59@gmail.com,19027575322,SOCJM9155O,1990-07-09
037819be-afe5-4688-874b-4d936ec0de34,Vikas,Verma,vikas.verma60@gmail.com,18044607351,LOSRB6071I,1982-02-26
c5ae51e5-1109-487c-bf51-81f3dcf91bd7,Suresh,Sharma,suresh.sharma61@gmail.com,18677101911,QLLXM4713R,1972-01-18
4ecc3205-9058-4ca4-90ac-a952e14fe678,Nitin,Kulkarni,nitin.kulkarni62@gmail.com,17583110406,CCJTW2008N,1998-10-26
dc832285-bd09-42f0-b11d-0b6b0fafe303,Kiran,Kulkarni,kiran.kulkarni63@gmail.com,19860037166,UFNXG41988,1984-06-10
8475280c-812a-465c-bbad-46efd4f5efbb,Amit,Mehta,amit.mehta64@gmail.com,18914110860,BCPPW2121H,1972-08-16
9123af36-4382-4782-bd30-845e91d4d80b,Manoj,Joshi,manoj.joshi65@gmail.com,17803225610,GZZEA1616A,1900-07-12
03d3ae4d-29e1-48aa-8a9b-a2e83e09fcd1,Vikas,Joshi,vikas.joshi66@gmail.com,17174165938,THOAF4647T,1976-05-03
e3838878-568a-4d43-b2a9-c654d3962962,Manoj,Desai,manoj.desai67@gmail.com,917367991076,PFEST4971H,1982-01-23
7204a128-056a-4a1d-b743-f1fd8bfe651a,Vikas,Verma,vikas.verma68@gmail.com,918980249877,SGXVN1970K,1967-05-19
bd0c2274-150d-481e-a48c-a9d976202591,Nitin,Joshi,nitin.joshi69@gmail.com,917311985676,FNZMH7998A,1966-05-26
7daa8f20-7211-4b29-b9c2-340ee8dc0d1d,Rahul,Gupta,rahul.gupta70@gmail.com,918033708449,EIZRU5147F,1977-08-11
04b8ac04-9841-4104-a261-32b049499c63,Amit,Mehta,amit.mehta71@gmail.com,919360205857,MMGIES138J,1970-11-27
063f1682-13ad-4fa8-888f-e6bf9b1972b6,Kiran,Desai,kiran.desai72@gmail.com,919919067649,GICMX8326R,1988-01-13
5025b40d-7ae0-41f5-9e5e-fd09047f97e3,Prakash,Kulkarni,prakash.kulkarni73@gmail.com,918914757106,UWOWC2799Z,1965-03-07
a510a96c-b8a0-4c53-a5cd-fb993fd1b6cd,Manoj,Patil,manoj.patil74@gmail.com,918698265805,LEYMX6994N,1987-06-17
4a59bd4e-ade1-42eb-a92d-55e4bf6081ca,Nitin,Kulkarni,nitin.kulkarni75@gmail.com,919708664744,VOSDB6977W,1991-09-18
83cc7198-801b-4e9a-a314-36bd2d727f64,Vikas,Sharma,vikas.sharma76@gmail.com,918841769859,FOGUS3703F,1984-10-21
5d31f8ee-3927-4442-8c69-e89b5d014d34,Kiran,Sharma,kiran.sharma77@gmail.com,17484397560,HGPYQ1661J,1965-09-18
23d3494b-33ad-4d13-a642-82aecc6c6311,Anil,Kulkarni,anil.kulkarni78@gmail.com,17404173755,UKDOF9021C,1994-06-27
2af2f40c-bb96-4f2b-a996-088a0ff5ed34,Suresh,Mehta,suresh.mehta79@gmail.com,18816918204,VOODU2721W,1988-09-13
4c213679-5082-4dcc-aea4-edfb516ab90a,Vikas,Gupta,vikas.gupta80@gmail.com,17116928332,KTDD05902E,1975-05-08
3674dd5d-33c2-4e4e-9db2-42917a55acfb,Anil,Patil,anil.patil81@gmail.com,17641215758,DQMAN9211U,1972-10-15
7e8b6275-c4ab-45a9-a75c-b34a10473834,Rahul,Joshi,rahul.joshi82@gmail.com,17001717498,UXLG T9977Z,1993-05-14
3879aa59-3980-4b69-af6e-243f088231cf,Amit,Patil,amit.patil83@gmail.com,19603863601,WYLTH6762D,1981-01-12
5e152b18-ed8f-48f5-b9af-03e95b066ede,Amit,Mehta,amit.mehta84@gmail.com,919582814589,UXTQO2419Q,1975-11-17
da96e8b0-c066-4fd1-a269-7bb6779ff7f0,Amit,Joshi,amit.joshi85@gmail.com,918470604283,XUMAM3270A,1989-03-10
224fa7df-fe35-4327-9e5b-902dfc701d83,Rohit,Mehta,rohit.mehta86@gmail.com,918964492390,KPUKQ4699A,1983-05-25
a9dc270f-e247-4377-991e-689b662ee253,Rahul,Sharma,rahul.sharma87@gmail.com,918185327941,UIVYT3049M,1973-06-21
43c194aa-3e9c-4891-8e45-2e12f5795e5d,Rahul,Joshi,rahul.joshi88@gmail.com,919243631655,YUDDW7539E,1972-05-03
50f62fab-9ec1-491e-87f2-4bb167b2d778,Rohit,Gupta,rohit.gupta89@gmail.com,919211289584,TUMIV7894J,1990-05-23
fe3ab6be-383e-497d-ab5a-97d27b04d97a,Vikas,Joshi,vikas.joshi90@gmail.com,19795755477,EPAAH7290Q,1972-09-28
21ec4af1-5dba-4d8b-a407-3f63173b555d,Manoj,Desai,manoj.desai91@gmail.com,19001340924,WSFZY6962Q,1965-03-21
e43cdf63-b284-4f8d-a8c8-5d8951ae94ef,Amit,Desai,amit.desai92@gmail.com,19537231078,NPARG5444A,1966-08-01
63265433-ca56-4c87-8c76-4985a03c38c5,Kiran,Mehta,kiran.mehta93@gmail.com,18564632548,JLOHX4445G,1990-08-08
21157257-34e5-48ca-8c41-d4e9d1c1ddce,Prakash,Sharma,prakash.sharma94@gmail.com,19362581491,OEQCB2333A,1980-04-16
51b5916c-6fc8-4aac-bf1f-f5f4f90fecec,Anil,Gupta,anil.gupta95@gmail.com,17449063293,XGDIU7818V,1994-09-21
af03ae6a-5304-4d2b-9498-ac7dde615ad6,Manoj,Joshi,manoj.joshi96@gmail.com,19077269441,FCKGC8140G,1981-04-04
a62ac25f-eeaf-4074-849a-65e9223ef05e,Rohit,Patil,rohit.patil97@gmail.com,18113309473,YHSAE4636F,1976-01-18
237b77df-f7aa-4942-a827-c92fc716dd6c,Amit,Patil,amit.patil98@gmail.com,17646866689,VMHJI7160B,1984-12-11
ee392918-35af-4944-9145-e93a6ae4a186,Kiran,Patil,kiran.patil99@gmail.com,917482219804,WNACQ4774U,1981-12-21
845942d1-7ecb-40b4-8cc8-802b8b7cb04a,Amit,Kulkarni,amit.kulkarni@gmail.com,9876543210,AKCPK1123L,1980-01-01
c0d210bd-5427-4108-b747-cdd41f8881b6,Sneha,Patil,sneha.patil@gmail.com,9812345678,BPQPP2345M,1995-07-21
